{
  "info": [
    {
      "sickinfo": {
        "IDcard": "61010319650604367X",
        "name": "LiuFuNing",
        "age": 52,
        "sex": "男",
        "namec": "刘福宁",
        "patientid": "350100488099744B2015200196",
        "patientuid": "3978",
        "birthday": "1965-06-04T00:00:00Z"
      },
      "duns": "350100488099744",
      "orgname": "西安交通大学第一附属医院",
      "studys": [
        {
          "studyInstanceUID": "2015050500036",
          "seriesinfo": [
            {
              "seriesID": "1.2.826.0.1.3680043.2.377.1.3.2015050500036",
              "count": 0,
              "seriesnum": 0,
              "datetimex": "2015-05-05T00:00:00Z",
              "bodypart": "上中下三个部位;",
              "modality": "\u003cnil\u003e"
            }
          ],
          "bodypart": "\u003cnil\u003e",
          "report": {
            "reportid": "\u003cnil\u003e",
            "report": "\u003cnil\u003e",
            "reportlocate": "\u003cnil\u003e\u003cnil\u003e",
            "reporturl": "",
            "result": "\u003cnil\u003e",
            "resultlocate": "\u003cnil\u003e\u003cnil\u003e",
            "resulturl": "",
            "opinion": "",
            "description1": "",
            "conclusion1": "",
            "description2": "",
            "conclusion2": "",
            "info1": "既往史：;现病史：胰十二指肠术后2月余;手术史：",
            "info2": "",
            "bodypart": ""
          },
          "department": "肝胆外科",
          "clinical": "胰十二指肠切除术后",
          "accessionnumber": "CT00000020150504034|101070"
        }
      ],
      "source": ""
    }
  ]
}